id,name,age,region,created_at
1,Cheryl Olson,47,West,2025-04-07
2,Daniel Austin,37,East,2025-06-27
3,Kelly Hughes,36,North,2024-01-17
4,Kimberly Carpenter,36,Central,2024-09-26
5,Felicia Smith,63,North,2024-05-23
6,Michele Beck,51,Central,2024-06-25
7,Kyle Walker,32,North,2024-07-15
8,Ronald Harrington,48,North,2024-05-02
9,Chad Watkins,43,South,2025-07-11
10,Ryan Marquez,18,South,2025-02-28
11,Robin Freeman,24,South,2025-08-26
12,Jeffrey Franklin,44,South,2024-01-04
13,Kyle Brown,61,North,2025-08-13
14,Jamie Hickman,36,East,2024-03-07
15,Samantha Wagner,31,East,2024-11-03
16,Timothy Lopez,41,North,2025-05-15
17,Alexandra Mclaughlin,30,West,2025-05-28
18,Rodney Campbell,35,South,2024-02-15
19,Amanda Cox,39,North,2024-10-09
20,Carlos Cook,24,Central,2024-12-24
21,Jennifer Green,52,South,2023-10-30
22,Karina Kent,21,East,2025-07-28
23,Travis Daniel,20,Central,2023-09-16
24,Matthew Hernandez,42,West,2024-09-14
25,Richard Phillips,51,North,2025-05-19
26,James Mills,42,North,2024-12-06
27,Olivia Cannon,38,South,2025-02-28
28,Kyle Ross,35,South,2023-11-09
29,Lance Diaz,33,South,2025-03-25
30,Christopher Brown,55,East,2024-10-11
31,Mr. Craig Schroeder,44,North,2024-06-13
32,Danny Jacobs,34,Central,2023-10-09
33,Justin Long,29,North,2024-03-06
34,Jason Reese,49,West,2024-06-21
35,Jennifer Rivas,55,West,2024-10-15
36,Heather Blake,53,North,2025-06-28
37,Brian Blackwell,27,Central,2024-05-10
38,Billy Marshall,35,East,2024-03-01
39,John Long,32,South,2025-03-05
40,Angela Martinez,37,South,2024-01-11
41,Loretta Robinson,52,Central,2025-04-04
42,Jessica Foley,60,East,2025-01-25
43,James Davis,45,West,2024-05-17
44,Angela Harris,30,East,2025-07-16
45,Joshua Fischer,39,East,2023-12-26
46,Becky Jones,63,South,2024-10-15
47,Taylor Sosa,41,South,2024-01-18
48,Stephen Mclaughlin,35,East,2024-03-22
49,Charles Fuentes,36,South,2024-08-29
50,Christopher Aguilar,45,West,2025-01-12
51,Anthony Vasquez,27,Central,2025-04-16
52,David Edwards,32,West,2025-07-16
53,Patricia Ward,53,West,2024-03-24
54,Rebecca Murillo,44,North,2025-07-07
55,Tracey Mooney,41,West,2024-07-15
56,Brian Schneider,54,Central,2024-12-25
57,Kristin Bell,29,North,2023-09-13
58,Clarence Cole,35,South,2024-07-09
59,Christopher Williams,44,North,2025-08-01
60,Jennifer Day,43,East,2024-12-01
61,Sharon Johnson,18,North,2024-01-06
62,Taylor Gates,33,South,2025-05-21
63,Jennifer Wolfe,37,East,2025-03-25
64,John Rodriguez,46,West,2023-12-17
65,Linda Mathis,43,Central,2025-04-11
66,Amy Hernandez,38,South,2024-04-23
67,Ryan Dixon,18,South,2024-07-14
68,Jeffrey Gray,39,North,2025-06-20
69,Joanna Parrish,40,North,2024-02-19
70,Eric Reid,76,South,2024-07-12
71,Antonio Miller,37,North,2025-02-13
72,Annette Sanchez,44,East,2025-02-10
73,Angela Phillips,57,North,2023-10-08
74,Theodore Berger,51,West,2024-09-21
75,Donald Murphy,61,East,2024-06-23
76,Michael Jones,18,East,2024-10-07
77,Erin Shaw,25,North,2025-08-29
78,Kristine Hanson,31,East,2025-08-12
79,Ethan Walter,18,East,2024-09-02
80,Timothy Simpson,41,North,2025-01-13
81,Blake Harmon,26,Central,2024-08-21
82,Shannon Atkins,63,North,2025-06-12
83,Chelsea Singh,28,Central,2024-11-11
84,Thomas Rojas,35,Central,2024-06-20
85,Tiffany Johnson,52,West,2024-10-18
86,Amber Dunlap,21,East,2024-05-18
87,Judy Hill,18,North,2023-11-25
88,Susan Logan,42,Central,2023-12-01
89,Daniel Brown,43,South,2023-09-28
90,Kaitlin Martin,51,South,2025-06-09
91,Gregory Weaver,47,Central,2024-05-24
92,Daryl Chavez,44,West,2024-02-13
93,Ashlee Turner,29,North,2024-12-11
94,Aaron Bradford Jr.,43,Central,2024-06-23
95,Jason Perez,44,North,2024-06-13
96,Brady Davis,29,North,2024-06-13
97,Deborah Bean,67,West,2024-11-12
98,Anthony Smith,47,North,2024-07-28
99,David Villanueva,25,South,2023-12-30
100,David Hernandez,51,West,2024-09-26
101,Kim Stephens,54,West,2024-12-20
102,Robert Campbell,46,East,2023-11-13
103,Kenneth Brown,36,South,2023-11-09
104,Sydney Hayes,28,North,2025-01-29
105,Sydney Hickman,38,Central,2023-10-17
106,Mr. Philip Hamilton DDS,45,East,2024-11-01
107,Michael Brown,40,East,2024-06-30
108,Brittney Cardenas,61,East,2024-08-02
109,Chloe Wallace,49,South,2025-08-15
110,Sarah Wade,27,North,2023-12-19
111,Jennifer Lewis,23,Central,2025-05-17
112,David Rollins,47,Central,2024-07-29
113,Craig Mcgee,36,North,2024-11-05
114,David Lopez,50,Central,2025-07-10
115,Peter Evans,47,Central,2024-05-30
116,Jocelyn Sweeney,38,Central,2025-02-19
117,Lisa Wilson,27,Central,2025-02-01
118,Glenn Lewis,18,South,2024-05-03
119,Eric Miller,43,Central,2025-07-09
120,Jessica Bruce,21,West,2024-01-21
121,Joseph Flores,26,East,2025-08-19
122,Sharon Butler,42,Central,2024-09-04
123,Joshua Beltran,40,Central,2024-02-13
124,Heidi Villanueva,22,West,2025-08-05
125,Jonathan Ramirez,56,South,2025-05-04
126,Michael Matthews,55,South,2025-05-16
127,Julia Smith,47,Central,2024-05-07
128,Michael Booth,47,Central,2024-01-13
129,Virginia Reyes,47,West,2024-09-08
130,Stacy Snyder,80,East,2024-05-19
131,Crystal Castro,54,Central,2024-01-08
132,Barbara Saunders,49,South,2025-06-30
133,Michael Cummings,28,East,2024-03-31
134,Wayne Lopez,36,North,2024-06-05
135,Carla Wells,74,South,2024-10-17
136,Amber Ballard,18,East,2025-06-22
137,Thomas Martin,32,North,2025-09-02
138,Shawn Tucker,56,East,2023-12-22
139,Danielle Gay,29,East,2025-04-04
140,Carol Rogers,50,North,2024-03-31
141,Julian Goodman,40,East,2024-03-12
142,Stephanie Anthony,30,East,2025-01-13
143,Michael Burke,18,West,2023-10-17
144,Lisa Smith,42,South,2024-11-15
145,Mr. Richard Johnson DDS,28,North,2025-08-25
146,Kimberly Ball,38,Central,2023-11-24
147,Michele Heath,47,South,2024-05-23
148,Robert Olson,52,North,2025-02-04
149,Denise Hunter,32,East,2024-09-16
150,Elizabeth Faulkner,30,West,2024-12-20
151,Hector Conner,21,Central,2025-05-12
152,Melissa Sweeney,53,West,2024-01-26
153,Miranda Price,71,South,2023-11-19
154,James Keller,55,North,2024-01-29
155,Jesus Robertson,59,North,2024-09-13
156,Jacob Carpenter,29,North,2025-01-01
157,James Davies,46,East,2023-10-07
158,Rachel Smith,51,North,2025-07-14
159,Brandy Dominguez,18,North,2024-10-22
160,Christina Parker,24,South,2024-01-18
161,Ricky Ball,64,East,2023-11-29
162,Timothy Williams,18,North,2025-08-28
163,Karen Wilson,61,East,2024-07-29
164,Tammy Clark,18,Central,2024-08-08
165,William Clarke,25,North,2024-02-16
166,Wayne Taylor,46,East,2025-03-01
167,Jacqueline Mclean,41,Central,2025-06-04
168,Cody Savage,34,East,2025-01-17
169,Steven Jimenez,63,East,2024-01-06
170,Richard Morrison,21,East,2024-09-26
171,Ana Harris,37,Central,2024-06-11
172,Robert Robbins,48,Central,2023-12-17
173,Christopher Walls,44,North,2025-01-24
174,Brian Compton,30,South,2024-02-16
175,Douglas Brown,31,North,2025-01-11
176,Paul Jones,52,West,2024-02-27
177,Anthony Robinson,53,West,2023-12-30
178,Andre Thornton,44,West,2025-04-27
179,Grant Davis,27,West,2025-06-26
180,Karen Howard,31,West,2023-10-24
181,David Maldonado,39,South,2025-07-06
182,Paul Lee,41,West,2024-04-19
183,Alexander Thompson,48,Central,2024-06-25
184,Alison Eaton,36,South,2023-10-09
185,Spencer Wood,52,North,2023-10-19
186,Kevin Taylor,52,Central,2025-06-28
187,Alexis James,59,South,2024-12-26
188,Courtney Brown,40,Central,2025-03-25
189,Angela Walters,44,Central,2024-05-18
190,Tiffany Lee,38,East,2025-06-13
191,Tina Munoz,27,South,2024-04-17
192,Vernon Mcgee,71,South,2025-07-01
193,Jessica Sandoval,57,West,2025-05-15
194,Emily Rogers,51,West,2025-01-04
195,Debra Harvey,39,North,2023-11-03
196,Janice Stewart,26,East,2025-04-08
197,Christina Gregory,54,South,2024-10-25
198,Amanda Mcdonald,37,North,2025-03-19
199,Katherine Chavez,46,East,2024-04-19
200,Nancy Stewart,31,North,2024-02-18
201,Craig Booker,43,North,2024-12-06
202,Curtis Jordan,32,West,2024-12-11
203,William Smith,32,North,2025-06-19
204,Angela Stephenson,43,Central,2023-09-20
205,Nicole Murray,18,West,2025-03-31
206,Cheryl Rodriguez,18,Central,2023-10-15
207,Brandy Davis,29,West,2024-08-22
208,Andrea Garrison,36,East,2023-12-14
209,Jaime Woods,52,North,2023-12-10
210,Michelle Reyes,37,East,2024-08-30
211,John Lam,39,North,2024-01-21
212,Donna Harrison,35,North,2024-07-31
213,Bradley Diaz,44,West,2025-03-08
214,Kimberly Frazier,27,East,2024-12-18
215,Steven Ho,38,South,2024-09-17
216,Tiffany Diaz,46,Central,2024-06-17
217,Rachel Robinson,43,North,2024-04-29
218,Jamie Nelson MD,40,East,2024-08-12
219,Stephanie Summers,40,East,2023-12-02
220,Anthony Turner,47,West,2024-09-06
221,James Jackson,72,East,2025-02-01
222,Andrew Thompson,28,Central,2024-07-05
223,Darrell Martin,72,South,2023-12-09
224,Christy Thomas,27,North,2025-02-01
225,Denise White,18,East,2023-11-15
226,Matthew Gonzalez,32,North,2024-10-30
227,Cory Smith,45,South,2025-04-22
228,Alexa Butler,68,West,2024-10-11
229,Kelly Acosta,26,Central,2023-10-02
230,Mrs. Stephanie Cole,47,West,2024-09-10
231,Susan Haley,20,Central,2023-11-22
232,Charles Thompson,67,Central,2024-11-18
233,Nathan Campos,57,Central,2024-08-12
234,Taylor Fletcher,32,North,2023-09-16
235,Jaime Martin,18,Central,2025-03-04
236,Ryan Wong,60,West,2024-10-13
237,John Herrera,38,South,2025-06-16
238,Austin Burch,58,South,2024-04-19
239,Mary Holt,40,West,2024-04-09
240,Patricia Decker,40,Central,2024-09-16
241,James Marshall,33,East,2024-09-29
242,Teresa Mack,49,North,2025-04-06
243,Eugene Hill,41,North,2025-08-12
244,Kathy Travis,47,West,2024-08-18
245,David Marshall,18,North,2025-03-25
246,Thomas Bell,59,West,2024-11-11
247,Kristina Ortiz,63,East,2025-05-15
248,Dwayne Pruitt,41,Central,2024-10-13
249,Travis Everett,70,Central,2023-09-12
250,Jessica Cooper,66,South,2025-08-22
251,Richard Austin,49,West,2023-12-19
252,Sharon Burton,60,North,2025-05-19
253,Emma Frederick,55,South,2023-11-29
254,Randy Bowman,18,South,2023-12-22
255,Veronica Miller,35,East,2023-11-21
256,Amanda Atkins,50,West,2024-08-30
257,Elizabeth Wallace,64,Central,2025-04-24
258,William Cervantes,19,Central,2023-10-30
259,Joshua Deleon,18,East,2023-12-02
260,James Nelson,39,Central,2024-06-18
261,Mikayla Mendoza,18,East,2025-08-28
262,Andrea French,38,North,2024-07-19
263,Alicia Kaiser,45,North,2024-07-27
264,Sarah Pope,25,South,2024-04-21
265,Debra Jackson,39,West,2024-03-30
266,Heather Bryan,54,North,2025-03-24
267,Kevin Gutierrez,32,North,2025-04-12
268,Stephen Allison,28,North,2025-06-17
269,Tracy Murray,38,North,2025-07-12
270,Beth Smith,24,South,2023-11-29
271,Timothy Robinson,69,North,2025-05-26
272,Connie Jackson,40,West,2025-01-31
273,Christopher Lee,29,Central,2024-05-22
274,John Wang,43,Central,2023-11-14
275,Seth Camacho,38,West,2025-03-30
276,Amanda Berg,36,West,2024-08-11
277,Amy Cervantes,32,South,2024-09-01
278,Vanessa Humphrey,31,East,2023-10-31
279,Dylan Cross,18,East,2025-02-12
280,James Ashley,60,West,2025-07-20
281,Karen Russell,48,East,2025-06-24
282,Anthony Sellers,44,East,2023-11-19
283,Emily Jennings,38,East,2025-07-14
284,Robert Arnold,25,North,2024-11-01
285,Craig Lawrence,28,North,2024-11-11
286,Christina Brown,18,South,2025-03-14
287,Janet Williams,30,North,2024-04-20
288,William Molina,23,Central,2024-12-10
289,Brian Martin,65,West,2025-03-05
290,Christy Bishop,53,East,2024-02-21
291,Bryan Mendoza,41,East,2024-05-20
292,Gary Foley,27,West,2023-10-08
293,Victoria Pena,24,South,2024-11-08
294,Dominique Hurley,37,South,2025-03-25
295,Danielle Williams,53,South,2025-03-11
296,Jessica Petersen,68,Central,2025-02-16
297,Cynthia Rogers,19,North,2024-09-30
298,Chelsea Barnes,48,North,2024-10-21
299,Christopher Ford,30,North,2024-11-12
300,Diana Hooper,32,South,2024-12-02
301,Kayla Nguyen,40,South,2025-04-06
302,Dr. Ryan Bush,27,Central,2025-07-13
303,Scott Martinez,36,Central,2023-09-09
304,Todd Sanders,26,Central,2024-10-12
305,Cynthia Richardson,31,North,2023-12-09
306,Michelle Le,51,West,2023-10-24
307,Alvin Blackwell,41,East,2023-10-01
308,Dana Price,51,South,2023-11-19
309,Kristina Oneill,30,South,2024-06-09
310,Kimberly Tucker,48,South,2024-04-07
311,Maria Berry,18,North,2025-05-17
312,Maurice Willis,40,East,2023-09-20
313,Lauren Sanders,49,North,2024-09-03
314,Amanda Tran,18,East,2023-11-25
315,Dr. Brittany Kennedy,30,South,2024-01-02
316,Ricardo Brady,40,North,2024-07-07
317,Christopher Moore,55,South,2023-12-24
318,Daniel Mitchell,31,West,2025-08-15
319,Kevin Schmidt,47,East,2024-10-27
320,Ryan Brown,61,South,2023-11-22
321,Lori Scott,48,West,2024-11-01
322,Jonathan Gutierrez,36,Central,2024-10-14
323,Angela Johnson,45,Central,2023-12-08
324,Jenny Cantu,30,North,2024-06-15
325,Adam Anderson,41,East,2024-08-13
326,Sara Carroll,37,West,2023-09-12
327,Benjamin Anderson,45,North,2023-10-25
328,Cindy Price,33,North,2025-01-24
329,Traci Hernandez,45,West,2023-10-05
330,Susan Nguyen,33,East,2025-09-02
331,Jeffrey Hooper,53,South,2024-01-19
332,Jasmine Cervantes,35,West,2023-12-16
333,Leslie Porter,18,East,2024-02-19
334,Christopher Lopez,24,South,2025-08-27
335,Ernest Wilson,40,North,2023-12-05
336,Susan Wilson,65,Central,2024-04-18
337,Rebecca Beck,52,Central,2025-02-09
338,Kevin Walker,18,East,2023-09-25
339,Tonya Peterson,18,North,2023-09-22
340,Brian Goodwin,57,West,2025-07-06
341,Darin Moreno,49,Central,2024-11-09
342,Zachary Gray,74,West,2025-03-16
343,Christopher Morgan,33,North,2024-03-30
344,Justin Riggs,27,West,2025-01-28
345,Joshua Massey DDS,41,West,2024-01-05
346,Jeanette Chang,32,Central,2025-07-03
347,Karen Tran,55,North,2024-08-18
348,Brandon Dudley,32,West,2025-02-25
349,Marc Dean,35,West,2024-06-28
350,Todd Adams,25,North,2024-02-05
351,Pamela Shelton,51,West,2024-06-20
352,Olivia Rogers,26,East,2024-12-17
353,James Stein,46,South,2025-01-12
354,Derrick Bailey,68,South,2025-06-28
355,Richard Porter,18,East,2025-07-13
356,Jenna Wood,62,Central,2024-08-03
357,Samuel Taylor,44,East,2023-12-17
358,Barbara Garcia,23,East,2025-07-15
359,Holly Prince,41,West,2024-10-08
360,Natasha Gomez,50,Central,2023-12-27
361,Joseph Smith,28,East,2024-04-07
362,Cynthia Woods DVM,47,East,2025-04-03
363,Ryan Phillips,63,Central,2025-05-30
364,Betty Casey,32,Central,2023-10-10
365,Kimberly Smith,25,Central,2024-04-29
366,Travis Griffith,38,West,2024-11-30
367,James Gonzalez,40,East,2024-10-31
368,Adam Moore,56,South,2023-11-05
369,Alan Hammond,37,West,2023-10-08
370,Belinda Long,33,North,2024-01-02
371,Justin Mcconnell,24,East,2025-01-05
372,Brandi West,18,Central,2023-12-19
373,Jill Porter,20,West,2025-06-07
374,Jeanette Hammond,20,East,2025-06-22
375,Joseph Davis,36,North,2023-10-02
376,Austin Schneider,18,North,2024-10-01
377,Sherry Kelly,18,Central,2024-04-11
378,Julie Moody,39,South,2024-11-24
379,Kyle Beck,67,North,2025-03-09
380,Sandra Anderson,56,West,2024-02-16
381,Alex Franklin,35,North,2025-04-30
382,Nancy Meza,23,Central,2024-04-29
383,Laura Ray,78,North,2025-09-03
384,Michael Mathews,40,West,2023-09-13
385,Claudia Jimenez,42,North,2023-10-12
386,Amanda Jones DDS,37,North,2025-03-23
387,Megan Foster,39,East,2023-12-01
388,Amanda Martin,31,North,2024-05-27
389,Kara Nolan,36,East,2023-09-24
390,Jennifer Scott,62,South,2024-05-02
391,Timothy Mata,58,North,2025-07-18
392,Crystal Ellis,18,North,2023-12-24
393,Mr. Jonathan Huang,18,East,2024-05-26
394,Jacqueline Vasquez,28,South,2024-02-27
395,Elizabeth Boone,54,North,2023-11-10
396,Ashley Wilson,59,North,2024-09-01
397,Ralph Gonzalez,50,North,2023-09-23
398,Richard White,23,North,2023-10-23
399,Tracy Vance DVM,32,West,2025-07-17
400,Jessica Combs,47,North,2024-11-08
401,Virginia Dalton,36,West,2024-01-04
402,Sarah Harrington,34,Central,2024-06-07
403,William Greene,34,West,2024-06-22
404,Anthony Greene,57,North,2025-05-14
405,Melissa Bryant,48,North,2024-09-28
406,Andrea Daniels,35,North,2024-02-25
407,Cynthia Little,44,South,2025-08-29
408,Shawn Stewart,21,Central,2024-10-30
409,Nicholas Taylor,32,South,2025-03-25
410,Betty Underwood,55,South,2024-05-06
411,Alexandra Brown,18,East,2025-08-05
412,Frederick Mitchell,49,South,2023-11-16
413,Hannah Donovan,18,South,2024-07-16
414,Robin Williams,65,Central,2025-02-04
415,Pamela Adams,31,Central,2023-09-10
416,Daniel Johnson,45,East,2024-10-23
417,Charles Holmes,41,South,2024-07-04
418,Joseph Gordon,42,North,2024-02-09
419,Terry Miller,44,East,2025-05-24
420,Terry Clayton,18,South,2025-01-11
421,John Chen,42,Central,2025-06-27
422,Sarah Johnson,37,East,2024-05-27
423,Kathleen Johns,31,North,2025-02-10
424,Jennifer Stewart,28,Central,2023-12-23
425,Sarah Nguyen MD,42,South,2024-11-12
426,Robert Hess,25,East,2023-10-16
427,Dr. William Ward,55,North,2024-07-21
428,Teresa Harris,47,North,2024-07-18
429,David Harrell,43,East,2023-10-11
430,Martha Duran,54,West,2025-03-17
431,Dwayne Edwards Jr.,18,East,2025-08-18
432,Amber Baldwin,20,North,2024-12-14
433,Kristen Sherman,47,North,2024-05-06
434,Kevin Tate,29,East,2024-10-13
435,Dr. Rodney James,30,South,2024-07-10
436,Sara Diaz,18,South,2024-01-14
437,Kirsten Wolf,25,East,2023-12-12
438,Michael Griffin,55,East,2023-09-08
439,Alex Spencer,47,West,2025-08-15
440,Ricky Campbell,42,North,2024-02-14
441,George Mason,31,East,2024-03-08
442,Dana Mclaughlin,41,East,2023-12-31
443,Kyle Mills,57,North,2025-01-24
444,Susan Jennings,29,North,2025-02-11
445,James Miller,39,West,2024-04-16
446,Robert Martinez,66,South,2024-10-08
447,Cheryl Carson,50,West,2025-04-19
448,William Strickland,31,West,2025-07-31
449,Cristian Shannon,49,South,2025-01-23
450,Thomas Reilly,18,North,2023-12-25
451,Sarah Lopez,38,North,2025-05-09
452,Dustin Richards,49,East,2025-01-03
453,Jennifer Ingram,45,West,2024-10-19
454,Kristie Krause,49,West,2024-11-18
455,Dr. Clifford Long DVM,52,North,2024-11-04
456,Erica Hill,46,East,2024-04-10
457,Terri Ward,46,North,2023-11-02
458,Mary Patterson,43,East,2024-06-05
459,Juan Mendoza,23,Central,2023-11-02
460,Melissa Oliver,55,Central,2025-07-24
461,James Erickson,39,Central,2024-05-04
462,Curtis Burns,50,West,2024-02-07
463,Brett Williams,54,North,2024-04-18
464,Kenneth Lee DVM,32,East,2025-05-24
465,Jessica Adams,33,North,2023-11-24
466,Andrea Brown,35,West,2024-05-20
467,Barry Bishop,58,North,2024-08-08
468,Carrie Weaver,26,South,2025-03-18
469,Todd Long,61,South,2024-12-28
470,Jesus Smith,42,East,2025-02-24
471,Dawn Smith,44,North,2023-10-06
472,Mark Dunn,53,North,2024-06-30
473,Shirley Beard,41,Central,2024-02-24
474,Mary Vincent,55,West,2023-11-23
475,Ronald Robinson,32,East,2023-11-13
476,Matthew Patel,61,East,2024-04-22
477,Jennifer Parker,33,South,2024-08-10
478,Chelsea Allen,61,West,2024-10-01
479,Jose Keller,33,South,2025-08-10
480,Andrew Rivera,35,South,2025-02-01
481,Jasmin Bennett,24,North,2025-09-01
482,Megan Morrison,28,North,2024-11-23
483,Kimberly Hughes,39,South,2024-12-18
484,Susan Walls,43,West,2024-04-05
485,Amy Oconnor,54,Central,2024-10-13
486,Cesar Bowers,36,East,2024-12-09
487,Robert Burke,23,Central,2025-08-30
488,Christopher Walker,45,North,2023-11-24
489,Christopher Smith,42,East,2024-08-27
490,Taylor Davis,47,East,2024-01-13
491,Thomas Vaughn,30,North,2023-09-14
492,Eric Martin,32,North,2025-01-03
493,Phillip Mills,30,North,2024-10-07
494,David White,57,Central,2024-07-06
495,Nathan Johnson,61,West,2024-01-25
496,John Cook,31,North,2025-08-26
497,Gabrielle Mcdaniel,31,North,2024-04-17
498,Thomas Jenkins,49,East,2025-05-27
499,Rhonda Bennett,63,North,2024-05-16
500,Shawn Ward,66,Central,2024-10-31
501,Matthew Carter,30,Central,2023-12-24
502,Michael Hines,34,Central,2024-08-30
503,Jasmine Hanson,44,West,2023-10-20
504,Carl Wright,45,East,2023-10-20
505,Sharon Weaver,37,South,2025-06-02
506,Andrew James,28,South,2025-05-03
507,Leslie Brown,39,North,2024-04-11
508,Mr. Brandon Navarro MD,66,North,2024-02-10
509,Lynn Walters,32,Central,2023-12-26
510,Hannah Rodriguez,43,East,2023-10-29
511,Ryan Mccarty,77,West,2024-12-25
512,David Norton,32,South,2025-05-01
513,Ashley Parker,50,South,2025-04-04
514,Hunter Johnston,67,Central,2025-03-11
515,Christina Hall,48,Central,2024-04-02
516,David Marshall,56,Central,2025-08-06
517,Matthew Wright,52,West,2024-08-03
518,Annette Young,47,West,2024-10-05
519,Robert Sanders,60,North,2025-08-26
520,Joshua Flowers,49,Central,2024-05-20
521,Pamela Woodward,37,South,2023-12-28
522,Judy Phillips,42,West,2024-09-26
523,Katelyn Henderson,45,West,2023-12-06
524,Mr. Christopher Marshall,34,East,2023-12-05
525,Carrie Cameron,42,East,2023-12-04
526,Stacey Rocha,40,South,2024-02-23
527,James Smith,49,West,2024-04-23
528,Erin Sanders,72,North,2025-05-03
529,Michelle Hoover,43,Central,2024-07-17
530,Timothy Larson,63,South,2024-10-25
531,Aaron Bennett,49,North,2025-08-15
532,Cynthia Dixon,42,Central,2024-10-21
533,Jessica Ortiz,33,South,2024-11-29
534,Andrew Wang DVM,42,West,2025-03-24
535,Teresa Carter,41,South,2024-12-25
536,Hannah Phelps,29,East,2025-07-13
537,Charlotte Ayers,31,West,2024-12-11
538,Anthony Dawson,45,North,2025-07-09
539,Marcus Martinez,63,West,2024-02-08
540,Ryan Hopkins,39,South,2025-02-04
541,Ellen Schaefer,18,North,2025-03-16
542,Emily White,18,West,2024-11-16
543,Christine Boyd,24,North,2024-05-18
544,Joshua Perry,50,West,2025-08-20
545,Jennifer Wang,20,Central,2024-08-12
546,Summer Peterson,53,North,2025-02-15
547,Michael Mcintyre,49,South,2025-06-01
548,Amy Jones,38,East,2025-07-31
549,Adam Washington,18,Central,2023-12-22
550,Sarah Bradley,29,South,2024-01-21
551,Kimberly Patel,36,North,2023-09-24
552,Lori Yates,45,North,2023-12-26
553,Samantha James,21,Central,2025-05-07
554,David Vincent,61,East,2025-05-21
555,Kaylee Soto,45,West,2023-09-10
556,Tanya Wilkinson,46,West,2024-06-11
557,Brandon Carter,49,North,2024-09-24
558,Colleen Moore,59,North,2024-10-02
559,Michael Ellison,42,West,2024-07-05
560,James Hernandez,50,East,2024-08-25
561,Alicia Johnson,29,North,2024-09-25
562,Courtney Arias,67,East,2025-01-18
563,Renee Wright,41,South,2023-12-21
564,Jennifer Taylor,29,West,2023-10-10
565,Shannon Carter,33,North,2024-09-29
566,John Cook,18,North,2023-10-06
567,Jeffrey Garcia,33,East,2025-08-24
568,Timothy Crosby,18,South,2024-04-25
569,Shawn Rogers,51,West,2025-07-04
570,Laura Copeland,46,North,2025-08-15
571,Latasha Ayers,25,North,2025-03-25
572,Dr. Isaiah Baker,39,Central,2025-05-30
573,Joseph Decker,39,East,2024-11-30
574,Desiree Ryan,22,West,2024-10-08
575,Brandon Murphy,36,South,2025-01-09
576,Dylan Jones,40,East,2025-05-04
577,Keith Santiago,36,North,2024-01-11
578,Jason Garcia,29,North,2025-04-17
579,David Benton,24,East,2023-09-12
580,Joseph Harper,35,West,2025-04-24
581,Douglas Gonzalez,31,North,2024-02-11
582,Michelle Everett PhD,48,North,2024-06-15
583,Paul Cobb,60,North,2025-01-07
584,Cory Dougherty,53,Central,2023-11-15
585,Erin Evans,40,West,2024-05-25
586,Kim Monroe,30,Central,2025-06-09
587,Cheryl Wiggins,53,South,2024-08-19
588,Corey Cuevas,49,West,2024-10-15
589,Melissa Cruz,59,East,2024-05-14
590,Nicole Thomas,42,East,2023-12-10
591,Dakota Richardson,66,North,2025-01-16
592,Tyler Gardner,42,North,2024-03-07
593,Amy Schneider,30,Central,2025-06-02
594,Angela Schmidt,32,North,2024-07-08
595,Rodney Williamson,47,West,2025-01-15
596,Nicole Bradley,31,East,2025-08-04
597,Philip Roman,65,North,2025-06-09
598,George Lee,46,Central,2023-09-15
599,Kristen Reyes,40,North,2025-04-16
600,Alexa Palmer,41,West,2024-04-17
601,Alex Novak,36,Central,2024-03-30
602,Patrick Jackson,18,West,2025-06-23
603,Steven Gonzalez,32,South,2024-06-30
604,Ashley Woods,63,South,2025-03-24
605,Mariah Carter,43,South,2024-04-07
606,Scott Campos,55,West,2024-05-17
607,Jo Brown,56,Central,2024-12-01
608,Lindsey Curtis,39,South,2024-02-28
609,Connie Stone,49,Central,2024-08-27
610,Caleb Newton,18,North,2024-06-13
611,Charles Barnes,62,West,2025-02-28
612,Angela Harris,60,North,2025-08-28
613,Valerie Reynolds,47,North,2024-09-12
614,Joseph Cox,43,North,2023-12-02
615,Patricia Collins,39,North,2024-03-12
616,Donald Wagner,57,Central,2023-09-17
617,Ronald Kramer,51,South,2025-04-09
618,Eduardo Carter,18,East,2023-11-08
619,Joseph Johnson,34,Central,2024-11-04
620,John Lee,23,South,2024-09-09
621,Micheal George,20,West,2025-07-09
622,Lisa White,57,North,2025-04-24
623,Steven Wells,39,North,2024-11-10
624,Patricia Harding,47,North,2025-08-23
625,Alan Walker,41,South,2024-10-21
626,Andrew Sanchez,20,West,2025-05-03
627,Corey Gomez,18,East,2024-07-25
628,David Wilson,33,West,2024-07-21
629,Katelyn Carter,34,North,2024-11-28
630,Sharon Vaughn,34,West,2024-11-27
631,Kimberly Warner,35,West,2025-04-17
632,Rebecca Shelton,71,West,2025-03-13
633,Benjamin Gilbert,55,North,2023-09-25
634,Courtney Glenn,43,North,2024-08-10
635,Tara Williams,38,East,2023-11-15
636,Cheryl Gray,39,Central,2025-03-02
637,Donald Leach,50,South,2023-11-13
638,Adam Hudson,38,East,2025-05-25
639,Kevin Jenkins,53,East,2024-03-20
640,Matthew Smith,45,East,2023-12-04
641,Allison Murray,71,North,2023-12-20
642,Kelsey Morgan,37,North,2024-07-24
643,Gregory Lopez,56,North,2025-05-23
644,Johnny Barrett,24,West,2024-02-22
645,Pam Christensen,30,Central,2025-06-15
646,Mario Rhodes,68,North,2023-09-21
647,Grace Martin,53,Central,2024-10-25
648,Christina Contreras,47,West,2025-07-15
649,Jeffrey Rogers,76,Central,2025-04-29
650,Mary Foley,39,East,2024-07-03
651,Thomas Baldwin,56,North,2024-02-13
652,Angela Horton,57,West,2024-06-15
653,Eric Young,64,North,2025-03-06
654,Christopher Haas,22,West,2024-08-17
655,Ashley Mcbride,39,Central,2025-09-01
656,John Richmond,44,West,2024-03-18
657,Dylan Roach,64,Central,2024-02-04
658,Kathryn Jones,46,South,2024-04-17
659,Aimee Dixon,57,West,2025-06-05
660,Dr. Jessica Wilson,21,West,2024-12-18
661,Diana English,35,West,2025-04-20
662,Mrs. Rhonda Morris DDS,60,North,2024-01-17
663,Todd Leonard,37,South,2024-10-10
664,Kelly Kirk,40,South,2025-05-22
665,Brandon Clarke,63,South,2024-02-19
666,Alyssa Mitchell,27,South,2025-08-02
667,Mary Morales,30,North,2025-05-15
668,Joanne Sellers,20,North,2024-04-25
669,Teresa Flores,64,East,2025-04-01
670,Eric Gordon,55,East,2025-04-18
671,Angela Atkinson,54,East,2024-08-12
672,Laura Patrick,35,East,2024-09-16
673,Jorge Mitchell,19,East,2024-05-17
674,John Miller,18,East,2024-07-01
675,Kyle Norman,60,West,2024-05-27
676,Teresa Miles,48,West,2024-05-04
677,Christie Barr,51,North,2024-03-10
678,James Campbell,44,Central,2024-06-05
679,Morgan Hayes,28,East,2024-05-27
680,Kim Stevens,35,South,2023-10-06
681,William Jensen,25,West,2025-01-03
682,Denise Patterson,23,East,2025-05-07
683,Justin Lucero,53,West,2024-01-06
684,Susan Jones,18,South,2023-09-21
685,Matthew Gonzales,25,North,2024-01-04
686,Christopher Patterson,36,West,2024-10-06
687,Gary Daniel,41,West,2024-02-12
688,Whitney Farmer,19,North,2025-08-01
689,Jennifer Mann,18,Central,2025-08-15
690,Michael Klein,46,East,2024-10-10
691,Heather Hays,43,North,2023-10-19
692,Sydney Rodriguez,60,East,2024-04-08
693,Teresa Howell,41,West,2025-01-01
694,Jorge Duncan,48,Central,2025-04-30
695,Evan Gray,29,East,2025-05-21
696,Alan Ball,30,South,2024-09-25
697,Gregory Wolfe,21,West,2024-06-11
698,Nathaniel Williams,29,South,2025-06-23
699,Stacy Watson,35,West,2024-09-22
700,Ryan Cox,58,North,2023-10-10
701,Ashlee Charles,27,East,2024-12-01
702,Gabriela Castillo,72,North,2025-05-18
703,Brenda Lam,49,North,2024-04-04
704,Nicole Campbell,46,North,2023-10-14
705,Dwayne Johnson,40,East,2024-05-02
706,Shannon Norris,37,East,2024-07-15
707,Chase Johnson,31,East,2024-06-05
708,Katherine Cox,19,East,2023-11-27
709,Gary Williams,27,South,2023-09-05
710,Philip Duncan,64,West,2024-10-03
711,Kathleen Martinez,48,South,2025-06-01
712,Mark Rowe,64,North,2024-06-06
713,Elizabeth Nguyen,31,North,2025-08-09
714,Shawn Miller,24,South,2024-10-30
715,Randy Fisher,40,North,2024-01-13
716,Denise Cervantes,28,West,2025-01-28
717,Nicole Roberts,43,Central,2025-01-13
718,Peter Grimes,18,West,2024-10-29
719,Heather Torres,18,South,2024-05-01
720,Connie Sanchez,45,West,2025-01-31
721,Anne Torres,65,East,2025-03-07
722,Miss Kathryn Ramirez,46,North,2023-11-17
723,Katherine Parsons,48,North,2023-11-26
724,Mrs. Amy Wells,41,West,2024-11-24
725,Philip Davis,42,North,2024-05-28
726,Joshua Dean,18,East,2025-08-19
727,Justin Valdez,28,West,2024-08-22
728,Nicholas Williams,58,West,2024-11-07
729,Catherine Lewis,23,Central,2024-03-06
730,Jay Lopez,35,Central,2024-08-18
731,James Snyder,58,East,2024-01-23
732,Jennifer Vaughn,42,East,2025-07-19
733,Deborah Andrade,42,North,2025-02-18
734,Samuel Huff,35,West,2025-03-19
735,Pamela Brown,50,North,2024-04-11
736,Richard Gomez,54,South,2024-08-13
737,Jamie Rodgers,28,North,2024-07-26
738,Kimberly Carlson,20,Central,2025-05-13
739,Roger Hopkins,18,South,2025-03-02
740,Victoria Branch,47,South,2024-03-05
741,Christopher Terry,45,Central,2024-08-20
742,Catherine Ramirez,77,East,2024-08-07
743,Sheri Smith,41,South,2023-12-03
744,James Randolph,38,Central,2023-11-02
745,Alexandra Keller,44,West,2025-01-09
746,Michael Payne,44,South,2023-11-29
747,Jose Gates,37,North,2024-07-08
748,Daniel Hale,28,West,2024-11-07
749,Steven Baker,40,East,2023-10-19
750,Rebecca Booker,39,West,2024-07-26
751,Dean Lopez,39,East,2024-06-03
752,Jose Valencia,52,West,2024-12-30
753,Donna Thomas,40,South,2024-12-30
754,Marc Thompson,20,North,2024-12-19
755,Wendy Morris,30,North,2025-01-20
756,Brandi Stevens,37,North,2025-05-22
757,Jennifer Stone,40,Central,2025-03-24
758,Calvin Roberts,47,South,2025-04-15
759,David Vazquez,40,South,2023-11-01
760,Marie Fernandez,18,North,2025-06-29
761,Barbara Ross,21,East,2023-09-29
762,Daniel Cowan,48,West,2024-12-16
763,Amanda Conner,36,North,2023-12-26
764,Jordan Leblanc,62,Central,2025-05-18
765,Brandon Nelson,42,Central,2025-08-18
766,Tom Blankenship,34,North,2024-12-05
767,Robert Ingram,30,West,2025-01-19
768,Melissa Herman,35,North,2024-03-14
769,Michelle Ray,42,West,2023-09-28
770,Shannon Mitchell,40,East,2023-12-01
771,Jacob Barrett,54,East,2025-06-15
772,Lisa Allen,18,South,2024-07-29
773,Dennis Guzman,19,South,2023-12-19
774,Lisa Riley,36,South,2025-05-11
775,Jeremy Martinez,48,West,2024-03-08
776,Mrs. Kimberly Phillips PhD,51,North,2025-04-15
777,Elizabeth Smith,31,North,2024-10-28
778,Paige Green,18,South,2024-03-21
779,Melissa Jennings,31,East,2024-04-12
780,Juan Montgomery,45,North,2024-02-27
781,Alexander Jackson,39,North,2024-02-03
782,Frederick Velazquez,48,East,2024-07-31
783,Heather Alvarado,57,North,2024-12-25
784,Chad Curtis,37,East,2025-07-21
785,Justin Lane,33,West,2024-09-08
786,Daniel Nguyen,26,East,2025-07-27
787,William Tucker,19,East,2023-09-08
788,Sue Lynch,18,West,2025-01-04
789,Martin Howard,29,West,2024-09-15
790,Gary Lawson,55,South,2025-08-07
791,Mary Moore,50,North,2024-12-16
792,Lisa Warren,32,Central,2024-04-20
793,David Cox,72,West,2025-07-07
794,Joshua Watson,30,Central,2025-08-01
795,Crystal Smith,59,North,2024-10-20
796,Jose Reed,63,East,2025-03-29
797,Scott Perez,46,East,2024-08-15
798,Jackson Vaughn,29,West,2025-01-23
799,Anthony Bailey,34,North,2024-05-20
800,Morgan Gill,42,North,2024-01-14
801,Dr. Robert Rodriguez,19,South,2024-02-06
802,Amanda Mclaughlin,25,West,2024-02-09
803,Jason Bolton,24,North,2024-09-19
804,Angela Cruz,48,North,2025-08-29
805,David Jones,57,South,2024-10-29
806,Christina Jordan,50,North,2025-07-15
807,Jason Kelly,54,East,2023-09-16
808,Amber Barnett,28,South,2024-04-26
809,Stacy Watson,35,East,2024-10-15
810,Heather Saunders,36,West,2025-07-08
811,Kelly White,46,North,2023-10-25
812,Paul Bauer,72,Central,2024-10-20
813,Amanda White,30,Central,2025-02-07
814,Brenda Benitez,53,East,2025-02-10
815,Frank Adams,62,West,2024-12-02
816,Sandra Watson,47,West,2024-01-05
817,Debra Nichols,34,Central,2024-02-22
818,Craig Roman,27,North,2024-03-14
819,Courtney Wilson,24,South,2024-01-31
820,Caroline Aguilar,18,East,2024-04-12
821,Shawn Rios,36,Central,2023-10-01
822,Christopher Martin,35,East,2025-04-03
823,Loretta Parker,52,Central,2023-11-08
824,Carl Ryan,31,West,2025-01-14
825,Elizabeth Leon,37,West,2024-01-25
826,Michael Mcdonald,44,East,2024-11-30
827,Jessica Hunter,47,West,2025-08-26
828,Kaitlin Christian,51,West,2024-08-14
829,Linda Payne,42,Central,2024-06-03
830,Michael Smith,20,Central,2023-10-13
831,James Perez,45,West,2023-10-24
832,Jesus Keller,30,North,2023-11-22
833,Jessica Young,58,West,2024-07-12
834,Theresa Johnson,40,East,2023-12-03
835,Holly Santiago,43,South,2025-05-12
836,Ashley Morales,79,East,2024-04-21
837,Miss Sarah Randall MD,51,East,2024-08-26
838,Pamela Gaines,45,West,2025-02-20
839,Kenneth Schmidt,37,North,2024-09-28
840,Joseph Casey,21,North,2025-07-19
841,Dana Copeland,36,West,2024-07-02
842,Robert Davis,27,North,2025-02-14
843,Scott Williams,65,East,2024-04-27
844,Gina Smith,45,North,2024-02-04
845,Kayla Nicholson,57,East,2024-04-26
846,Larry Nelson,30,North,2025-02-28
847,Jennifer Johnston,28,Central,2025-03-14
848,Lindsey Green,49,South,2025-06-27
849,David Smith,26,South,2025-04-16
850,Jenna Blake,33,Central,2024-09-24
851,Sarah Galvan,65,Central,2025-06-06
852,Christopher Ellis,34,East,2023-10-12
853,Jacob Roy,18,West,2025-01-20
854,Samantha Williams,18,North,2025-04-29
855,Luis Jackson,18,West,2024-06-07
856,Cassandra Mills,58,North,2024-08-22
857,Jason Travis,31,East,2024-07-12
858,Jessica Lewis,78,North,2024-08-11
859,Timothy Williams,63,East,2024-11-27
860,Katelyn Drake,70,East,2025-02-01
861,Kathryn Sanchez,55,South,2024-09-02
862,Joshua Nunez,48,West,2024-02-24
863,Colton Curry,27,North,2024-06-19
864,Billy Davis,39,South,2025-03-25
865,Hunter Barnes,50,West,2024-07-26
866,David Reeves,54,East,2025-05-14
867,Johnny Medina,22,South,2023-12-18
868,Heather Torres,37,South,2025-04-26
869,Carlos Martin,38,East,2025-08-27
870,Joseph Townsend,38,West,2023-09-18
871,Rhonda Herman,24,East,2023-11-03
872,Theresa Parker,67,West,2024-03-14
873,Catherine Blair,36,West,2024-12-11
874,Anne Morrison,25,South,2024-09-17
875,Jacob Hansen,68,North,2024-11-02
876,Joseph Pope,63,South,2024-11-14
877,Julie Potter,42,South,2025-01-03
878,Joshua Baxter,18,Central,2023-11-16
879,Catherine Chapman,33,Central,2024-04-17
880,Raymond Sanchez,18,West,2024-08-05
881,Jesse Harris,47,East,2024-02-05
882,Sarah Monroe,32,East,2025-04-08
883,David Hunt,39,South,2025-09-01
884,April Jones,66,West,2024-10-11
885,Paul Morales,30,East,2025-06-23
886,Ethan Welch,47,North,2024-11-28
887,Stephanie Oliver,51,Central,2023-09-29
888,Carmen Mitchell,58,North,2024-11-07
889,Jeremy Santos,38,South,2024-11-17
890,Scott Warner,36,North,2025-08-15
891,Paul Todd,36,South,2023-10-27
892,Mr. Jason Bryant,45,West,2025-03-11
893,Sheila Ball,62,North,2024-03-20
894,Anthony Bryan,35,East,2024-02-09
895,Jonathan Meyer,18,South,2024-09-25
896,Anthony Bell,53,Central,2024-03-15
897,Robert Rodriguez,41,Central,2024-07-07
898,Melanie Long,47,North,2024-05-31
899,Jenny Oconnell,18,West,2024-10-25
900,Rachel Ford,32,Central,2024-04-27
901,Jennifer Butler,51,North,2023-11-18
902,William Peterson,21,East,2024-04-24
903,Mitchell Mccall,46,East,2025-02-14
904,Edward Stanton,39,South,2024-11-28
905,Bradley Russell,28,Central,2024-02-05
906,Brian White,27,East,2024-04-11
907,Alison Patton,24,Central,2024-08-25
908,Jessica Nichols,40,West,2025-08-15
909,Jennifer Skinner,42,East,2025-07-31
910,Sharon Romero,34,North,2024-02-05
911,Carmen Young,23,North,2024-06-14
912,Julie Marsh,18,Central,2024-08-15
913,Renee Andrade,46,East,2024-07-04
914,Timothy Reid,53,South,2024-09-07
915,Brittany Smith,49,North,2024-01-25
916,Ann Anderson,70,East,2024-09-25
917,Bianca Watkins,37,North,2024-07-29
918,Joseph Wilson,60,West,2025-08-24
919,Jason Porter,30,North,2024-08-15
920,Michael Glover,28,South,2024-04-09
921,David White,41,North,2025-04-26
922,Anthony Evans DDS,64,Central,2025-05-10
923,Richard Cooper,35,Central,2024-02-03
924,Tiffany Hayes,18,West,2024-11-11
925,Melissa Morris,53,East,2023-09-22
926,Kevin Vazquez,38,East,2025-07-28
927,Brandon Aguilar,44,West,2024-10-26
928,Felicia Oconnor,28,South,2025-08-11
929,Carly Jimenez,41,South,2024-04-17
930,Michael Mccoy,18,West,2023-09-23
931,Brandon Powell,68,West,2025-08-24
932,Dustin Murphy,56,South,2024-10-14
933,Lisa Ponce,41,North,2025-04-18
934,Sandra Thompson,52,West,2023-09-05
935,Ricky Martinez,30,Central,2023-10-30
936,Ashley Green,55,Central,2024-07-20
937,Robert Foster,34,North,2024-07-17
938,Rebecca Paul,33,Central,2025-06-07
939,Heather Archer,25,South,2024-02-04
940,Zachary Allen,46,East,2024-03-19
941,David Knox,40,Central,2024-10-27
942,Tanya Johnson,61,South,2024-07-10
943,Jackie Mathews,24,Central,2024-05-03
944,Shawn Johnson,46,South,2024-05-29
945,Alyssa Jenkins,57,West,2024-02-16
946,Donald Carter,78,Central,2025-04-12
947,Deborah Graham,42,North,2024-04-02
948,Daniel Duran,34,Central,2024-05-21
949,Scott Davis,42,West,2025-05-30
950,Ernest Hooper,59,South,2023-12-26
951,Michael Duran,59,East,2024-08-20
952,Corey Scott,38,South,2024-07-13
953,Luis Gomez,59,South,2024-02-14
954,Christopher Stokes,39,North,2024-03-03
955,Annette Holland,52,North,2024-07-01
956,Theresa Lewis,48,North,2024-07-03
957,Paul Swanson,34,East,2024-04-27
958,Amanda Jones,26,West,2024-10-28
959,Michael Johnson,58,South,2024-02-11
960,Marcus Jones,62,West,2024-10-31
961,Paula Cox,46,East,2023-09-11
962,Kevin Horne,39,North,2024-04-08
963,Christine Jackson,22,West,2024-08-25
964,Scott Espinoza,57,North,2024-07-31
965,Brandon Perez,44,North,2024-05-06
966,Jane Gutierrez,36,West,2024-10-23
967,Michael Chambers,53,West,2024-03-17
968,Javier Gardner,19,East,2023-09-13
969,Margaret Williams,24,North,2024-12-13
970,Jesse Ramos,29,South,2024-02-14
971,Linda Schneider,47,Central,2024-02-04
972,Maureen Anderson,42,West,2024-07-16
973,Gregory Camacho,49,South,2024-06-03
974,Steven Potter,56,Central,2025-06-14
975,Kristin Gill,50,North,2025-02-10
976,Leslie Mccoy,68,South,2025-07-15
977,Tara Diaz,56,East,2024-05-31
978,Teresa Jackson,38,South,2025-06-29
979,Michael Wilson,31,West,2024-05-17
980,Joe Snyder,38,Central,2025-07-30
981,Julia Nelson,50,South,2025-04-30
982,Laura Riggs,33,Central,2024-12-17
983,Shari Day,51,North,2024-01-18
984,Robert Floyd,49,Central,2025-01-05
985,Nichole Washington,25,West,2025-05-21
986,Mrs. Erin Davis,56,South,2024-09-07
987,Charles Davis,45,North,2023-12-20
988,Philip Miller,67,North,2024-02-20
989,Cathy Anderson,39,South,2024-08-23
990,Regina Boyle,35,East,2024-05-06
991,Phillip Kim,24,West,2024-12-29
992,Jennifer Carson,23,North,2023-10-27
993,Katie Washington,54,Central,2024-09-18
994,Andrea Jones,65,North,2024-08-16
995,Hector Thompson,38,West,2025-07-26
996,Emily Jackson,37,North,2025-07-28
997,Patricia Davenport,41,North,2023-12-22
998,Luke Middleton,57,West,2024-05-30
999,Christopher Lopez,26,North,2023-12-25
1000,Michael Lewis,43,Central,2023-11-04
